<?xml version="1.0" encoding="UTF-8"?>
<manifest identifier="com.vts.scorm.anww6co6y9vv0d0x" version="1" xmlns="http://www.imsglobal.org/xsd/imscp_v1p1" xmlns:adlcp="http://www.adlnet.org/xsd/adlcp_v1p3" xmlns:adlseq="http://www.adlnet.org/xsd/adlseq_v1p3" xmlns:adlnav="http://www.adlnet.org/xsd/adlnav_v1p3" xmlns:imsss="http://www.imsglobal.org/xsd/imsss" xmlns:xsi="http://www.w3.org/2001/XMLSchema-instance" xsi:schemaLocation="http://www.imsglobal.org/xsd/imscp_v1p1 imscp_v1p1.xsd http://www.adlnet.org/xsd/adlcp_v1p3 adlcp_v1p3.xsd http://www.adlnet.org/xsd/adlseq_v1p3 adlseq_v1p3.xsd http://www.adlnet.org/xsd/adlnav_v1p3 adlnav_v1p3.xsd http://www.imsglobal.org/xsd/imsss imsss_v1p0.xsd http://ltsc.ieee.org/xsd/LOM lom.xsd">
  <metadata>
    <schema>ADL SCORM</schema>
    <schemaversion>2004 4th Edition</schemaversion>
  </metadata>
  <organizations default="ORG1">
    <organization identifier="ORG1">
      <title>Entretien MPPP Adulte</title>
      <item identifier="com.vts.course.root" identifierref="Module_1">
        <title>
        </title>
      </item>
    </organization>
  </organizations>
  <resources>
    <resource identifier="Module_1" type="webcontent" adlcp:scormType="sco" href="Module/index.html" />
    <resource identifier="module..htaccess" type="webcontent" adlcp:scormType="asset" href="Module\.htaccess" />
    <resource identifier="module.info.txt" type="webcontent" adlcp:scormType="asset" href="Module\Info.txt" />
    <resource identifier="module.language.js" type="webcontent" adlcp:scormType="asset" href="Module\language.js" />
    <resource identifier="module.scorm.js" type="webcontent" adlcp:scormType="asset" href="Module\scorm.js" />
    <resource identifier="module.silent.mp3" type="webcontent" adlcp:scormType="asset" href="Module\silent.mp3" />
    <resource identifier="module.web.config" type="webcontent" adlcp:scormType="asset" href="Module\web.config" />
    <resource identifier="module.build.webplayer.data.unityweb" type="webcontent" adlcp:scormType="asset" href="Module\Build\WebPlayer.data.unityweb" />
    <resource identifier="module.build.webplayer.framework.js.unityweb" type="webcontent" adlcp:scormType="asset" href="Module\Build\WebPlayer.framework.js.unityweb" />
    <resource identifier="module.build.webplayer.loader.js" type="webcontent" adlcp:scormType="asset" href="Module\Build\WebPlayer.loader.js" />
    <resource identifier="module.build.webplayer.wasm.unityweb" type="webcontent" adlcp:scormType="asset" href="Module\Build\WebPlayer.wasm.unityweb" />
    <resource identifier="module.streamingassets.packedprojectdata.data" type="webcontent" adlcp:scormType="asset" href="Module\StreamingAssets\PackedProjectData.data" />
    <resource identifier="module.streamingassets.catalog.animations.m.sit.a.neutral.m.sit.a.neutral.web.vtsres" type="webcontent" adlcp:scormType="asset" href="Module\StreamingAssets\Catalog\Animations\M_Sit_A_Neutral\M_Sit_A_Neutral_web.vtsres" />
    <resource identifier="module.streamingassets.catalog.avatars.joseph.003.joseph.003.preview.png" type="webcontent" adlcp:scormType="asset" href="Module\StreamingAssets\Catalog\Avatars\Joseph_003\Joseph_003_preview.png" />
    <resource identifier="module.streamingassets.catalog.avatars.joseph.003.joseph.003.web.vtsres" type="webcontent" adlcp:scormType="asset" href="Module\StreamingAssets\Catalog\Avatars\Joseph_003\Joseph_003_web.vtsres" />
    <resource identifier="module.streamingassets.catalog.sceneries.doctor.consultation.02.doctor.consultation.02.web.vtsres" type="webcontent" adlcp:scormType="asset" href="Module\StreamingAssets\Catalog\Sceneries\Doctor_consultation_02\Doctor_consultation_02_web.vtsres" />
    <resource identifier="module.streamingassets.catalog.sceneries..default...default..web.vtsres" type="webcontent" adlcp:scormType="asset" href="Module\StreamingAssets\Catalog\Sceneries\_Default_\_Default__web.vtsres" />
    <resource identifier="module.streamingassets.configuration.build.data" type="webcontent" adlcp:scormType="asset" href="Module\StreamingAssets\Configuration\Build.data" />
    <resource identifier="module.streamingassets.configuration.config.data" type="webcontent" adlcp:scormType="asset" href="Module\StreamingAssets\Configuration\Config.data" />
    <resource identifier="module.streamingassets.configuration.version.data" type="webcontent" adlcp:scormType="asset" href="Module\StreamingAssets\Configuration\Version.data" />
    <resource identifier="module.streamingassets.internalassets.sound.bad.mp3" type="webcontent" adlcp:scormType="asset" href="Module\StreamingAssets\InternalAssets\Sound_Bad.mp3" />
    <resource identifier="module.streamingassets.internalassets.sound.good.mp3" type="webcontent" adlcp:scormType="asset" href="Module\StreamingAssets\InternalAssets\Sound_Good.mp3" />
    <resource identifier="module.streamingassets.internalassets.sound.neutral.mp3" type="webcontent" adlcp:scormType="asset" href="Module\StreamingAssets\InternalAssets\Sound_Neutral.mp3" />
    <resource identifier="module.streamingassets.medias.m.12.jpg" type="webcontent" adlcp:scormType="asset" href="Module\StreamingAssets\Medias\m_12.jpg" />
    <resource identifier="module.streamingassets.medias.m.12.preview.jpg" type="webcontent" adlcp:scormType="asset" href="Module\StreamingAssets\Medias\m_12_preview.jpg" />
    <resource identifier="module.streamingassets.medias.m.13.jpg" type="webcontent" adlcp:scormType="asset" href="Module\StreamingAssets\Medias\m_13.jpg" />
    <resource identifier="module.streamingassets.medias.m.13.preview.jpg" type="webcontent" adlcp:scormType="asset" href="Module\StreamingAssets\Medias\m_13_preview.jpg" />
    <resource identifier="module.streamingassets.medias.m.15.jpg" type="webcontent" adlcp:scormType="asset" href="Module\StreamingAssets\Medias\m_15.jpg" />
    <resource identifier="module.streamingassets.medias.m.15.preview.jpg" type="webcontent" adlcp:scormType="asset" href="Module\StreamingAssets\Medias\m_15_preview.jpg" />
    <resource identifier="module.streamingassets.medias.m.16.jpg" type="webcontent" adlcp:scormType="asset" href="Module\StreamingAssets\Medias\m_16.jpg" />
    <resource identifier="module.streamingassets.medias.m.16.preview.jpg" type="webcontent" adlcp:scormType="asset" href="Module\StreamingAssets\Medias\m_16_preview.jpg" />
    <resource identifier="module.streamingassets.medias.m.19.jpg" type="webcontent" adlcp:scormType="asset" href="Module\StreamingAssets\Medias\m_19.jpg" />
    <resource identifier="module.streamingassets.medias.m.19.preview.jpg" type="webcontent" adlcp:scormType="asset" href="Module\StreamingAssets\Medias\m_19_preview.jpg" />
    <resource identifier="module.streamingassets.medias.m.20.jpg" type="webcontent" adlcp:scormType="asset" href="Module\StreamingAssets\Medias\m_20.jpg" />
    <resource identifier="module.streamingassets.medias.m.20.preview.jpg" type="webcontent" adlcp:scormType="asset" href="Module\StreamingAssets\Medias\m_20_preview.jpg" />
    <resource identifier="module.streamingassets.medias.m.21.jpg" type="webcontent" adlcp:scormType="asset" href="Module\StreamingAssets\Medias\m_21.jpg" />
    <resource identifier="module.streamingassets.medias.m.21.preview.jpg" type="webcontent" adlcp:scormType="asset" href="Module\StreamingAssets\Medias\m_21_preview.jpg" />
    <resource identifier="module.streamingassets.medias.m.22.jpg" type="webcontent" adlcp:scormType="asset" href="Module\StreamingAssets\Medias\m_22.jpg" />
    <resource identifier="module.streamingassets.medias.m.22.preview.jpg" type="webcontent" adlcp:scormType="asset" href="Module\StreamingAssets\Medias\m_22_preview.jpg" />
    <resource identifier="module.streamingassets.medias.m.23.jpg" type="webcontent" adlcp:scormType="asset" href="Module\StreamingAssets\Medias\m_23.jpg" />
    <resource identifier="module.streamingassets.medias.m.23.preview.jpg" type="webcontent" adlcp:scormType="asset" href="Module\StreamingAssets\Medias\m_23_preview.jpg" />
    <resource identifier="module.streamingassets.medias.m.27.jpg" type="webcontent" adlcp:scormType="asset" href="Module\StreamingAssets\Medias\m_27.jpg" />
    <resource identifier="module.streamingassets.medias.m.27.preview.jpg" type="webcontent" adlcp:scormType="asset" href="Module\StreamingAssets\Medias\m_27_preview.jpg" />
    <resource identifier="module.streamingassets.medias.m.32.jpg" type="webcontent" adlcp:scormType="asset" href="Module\StreamingAssets\Medias\m_32.jpg" />
    <resource identifier="module.streamingassets.medias.m.32.preview.jpg" type="webcontent" adlcp:scormType="asset" href="Module\StreamingAssets\Medias\m_32_preview.jpg" />
    <resource identifier="module.streamingassets.medias.m.33.jpg" type="webcontent" adlcp:scormType="asset" href="Module\StreamingAssets\Medias\m_33.jpg" />
    <resource identifier="module.streamingassets.medias.m.33.preview.jpg" type="webcontent" adlcp:scormType="asset" href="Module\StreamingAssets\Medias\m_33_preview.jpg" />
    <resource identifier="module.streamingassets.medias.m.34.jpg" type="webcontent" adlcp:scormType="asset" href="Module\StreamingAssets\Medias\m_34.jpg" />
    <resource identifier="module.streamingassets.medias.m.34.preview.jpg" type="webcontent" adlcp:scormType="asset" href="Module\StreamingAssets\Medias\m_34_preview.jpg" />
    <resource identifier="module.templatedata.css.style.css" type="webcontent" adlcp:scormType="asset" href="Module\TemplateData\css\style.css" />
    <resource identifier="module.templatedata.img.background.jpg" type="webcontent" adlcp:scormType="asset" href="Module\TemplateData\img\background.jpg" />
    <resource identifier="module.templatedata.img.browser.chrome.png" type="webcontent" adlcp:scormType="asset" href="Module\TemplateData\img\browser-chrome.png" />
    <resource identifier="module.templatedata.img.browser.firefox.png" type="webcontent" adlcp:scormType="asset" href="Module\TemplateData\img\browser-firefox.png" />
    <resource identifier="module.templatedata.img.browser.safari.png" type="webcontent" adlcp:scormType="asset" href="Module\TemplateData\img\browser-safari.png" />
    <resource identifier="module.templatedata.img.cardboardvr.svg" type="webcontent" adlcp:scormType="asset" href="Module\TemplateData\img\cardboardvr.svg" />
    <resource identifier="module.templatedata.img.favicon.ico" type="webcontent" adlcp:scormType="asset" href="Module\TemplateData\img\favicon.ico" />
    <resource identifier="module.templatedata.img.fullscreen.off.png" type="webcontent" adlcp:scormType="asset" href="Module\TemplateData\img\fullScreen_off.png" />
    <resource identifier="module.templatedata.img.fullscreen.off.dark.png" type="webcontent" adlcp:scormType="asset" href="Module\TemplateData\img\fullScreen_off_dark.png" />
    <resource identifier="module.templatedata.img.fullscreen.on.png" type="webcontent" adlcp:scormType="asset" href="Module\TemplateData\img\fullScreen_on.png" />
    <resource identifier="module.templatedata.img.fullscreen.on.dark.png" type="webcontent" adlcp:scormType="asset" href="Module\TemplateData\img\fullScreen_on_dark.png" />
    <resource identifier="module.templatedata.img.loading.logo.png" type="webcontent" adlcp:scormType="asset" href="Module\TemplateData\img\loading_logo.png" />
    <resource identifier="module.templatedata.img.mobile.svg" type="webcontent" adlcp:scormType="asset" href="Module\TemplateData\img\mobile.svg" />
    <resource identifier="module.templatedata.img.rotate.svg" type="webcontent" adlcp:scormType="asset" href="Module\TemplateData\img\rotate.svg" />
    <resource identifier="module.templatedata.img.vrheadset.svg" type="webcontent" adlcp:scormType="asset" href="Module\TemplateData\img\vrheadset.svg" />
    <resource identifier="module.templatedata.img.warning.svg" type="webcontent" adlcp:scormType="asset" href="Module\TemplateData\img\warning.svg" />
  </resources>
</manifest>